estacion,conexiones,tiempo_prom_vecinas,es_portal,afluencia_diaria,pct_hora_pico
Portal Norte,1,4.0,1,40265,0.446
Toberín,2,3.5,0,12932,0.346
Calle 146,2,3.5,0,11662,0.293
Pepe Sierra,2,3.5,0,14274,0.323
Calle 100,2,4.0,0,11323,0.316
Héroes,2,4.0,0,11332,0.286
Calle 72,2,4.0,0,12348,0.243
Calle 45,2,4.5,0,9516,0.283
Calle 26,3,3.67,0,26353,0.389
Av. Jiménez,3,3.33,0,26731,0.338
Tercer Milenio,1,3.0,0,14110,0.293
De La Sabana,2,3.5,0,12097,0.257
Ricaurte,3,4.0,0,28040,0.383
Pradera,2,5.5,0,10342,0.311
Banderas,2,5.5,0,11135,0.291
Portal Américas,1,5.0,1,35256,0.506
Centro Memoria,2,3.5,0,11980,0.268
CAD,3,5.0,0,32961,0.343
Av. Rojas,2,5.5,0,12300,0.241
Portal El Dorado,1,5.0,1,31943,0.456
Paloquemao,2,4.0,0,13063,0.305
